count_bonus_carres,E,A,C,J,H,a,b,c,d,e,f,h,i,j
1,845,455,713,1105,959,207025,1426681,508369,1015369,714025,412681,919681,1369,1221025
1,901,329,839,1231,959,108241,1623241,703921,1407481,811801,216121,919681,361,1515361
1,1105,809,995,1337,1205,654481,2018569,990025,1556569,1221025,885481,1452025,423481,1787569
1,1445,595,1367,1955,1519,354025,4041361,1868689,3602689,2088025,573361,2307361,134689,3822025
1,1625,575,1567,2225,1681,330625,5135761,2455489,4765489,2640625,515761,2825761,145489,4950625
1,1685,937,1513,2191,1841,877969,5350537,2289169,4250425,2839225,1428025,3389281,327913,4800481
1,1690,910,1426,2210,1918,828100,5706724,2033476,4061476,2856100,1650724,3678724,5476,4884100
1,1802,658,1678,2462,1918,432964,6492964,2815684,5629924,3247204,864484,3678724,1444,6061444
1,1885,1297,1547,2329,2171,1682209,6584257,2393209,4264225,3553225,2842225,4713241,522193,5424241
1,1921,1129,1649,2471,2159,1274641,7076881,2719201,5134801,3690241,2245681,4661281,303601,6105841
1,2125,1645,1831,2515,2383,2706025,7488289,3352561,5162161,4515625,3869089,5678689,1542961,6325225
1,2210,1618,1990,2674,2410,2617924,8074276,3960100,6226276,4884100,3541924,5808100,1693924,7150276
1,2405,1739,1873,2923,2839,3024121,10819825,3508129,6268033,5784025,5300017,8059921,748225,8543929
1,2535,1365,2139,3315,2877,1863225,12840129,4575321,9138321,6426225,3714129,8277129,12321,10989225
1,2703,987,2517,3693,2877,974169,14609169,6335289,12667329,7306209,1945089,8277129,3249,13638249
1,2890,1190,2734,3910,3038,1416100,16165444,7474756,14410756,8352100,2293444,9229444,538756,15288100
1,3250,1150,3134,4450,3362,1322500,20543044,9821956,19061956,10562500,2063044,11303044,581956,19802500
1,3315,2427,2985,4011,3615,5890329,18167121,8910225,14009121,10989225,7969329,13068225,3811329,16088121
1,3370,1874,3026,4382,3682,3511876,21402148,9156676,17001700,11356900,5712100,13557124,1311652,19201924
1,3380,1820,2852,4420,3836,3312400,22826896,8133904,16245904,11424400,6602896,14714896,21904,19536400
1,3604,1316,3356,4924,3836,1731856,25971856,11262736,22519696,12988816,3457936,14714896,5776,24245776
1,3770,2594,3094,4658,4342,6728836,26337028,9572836,17056900,14212900,11368900,18852964,2088772,21696964
1,3842,2258,3298,4942,4318,5098564,28307524,10876804,20539204,14760964,8982724,18645124,1214404,24423364
1,4225,2275,3565,5525,4795,5175625,35667025,12709225,25384225,17850625,10317025,22992025,34225,30525625
1,4250,3290,3662,5030,4766,10824100,29953156,13410244,20648644,18062500,15476356,22714756,6171844,25300900
1,4325,995,4231,6035,4417,990025,37225489,17901361,35616961,18705625,1794289,19509889,185761,36421225
1,4335,1785,4101,5865,4557,3186225,36372249,16818201,32424201,18792225,5160249,20766249,1212201,34398225
1,4420,3236,3980,5348,4820,10471696,32297104,15840400,24905104,19536400,14167696,23232400,6775696,28601104
1,4505,1645,4195,6155,4795,2706025,40581025,17598025,35187025,20295025,5403025,22992025,9025,37884025
1,4505,2173,4195,5989,4795,4721929,38565121,17598025,33171121,20295025,7418929,22992025,2024929,35868121
1,4810,3478,3746,5846,5678,12096484,43279300,14032516,25072132,23136100,21200068,32239684,2992900,34175716
1,4875,1725,4701,6675,5043,2975625,46221849,22099401,42889401,23765625,4641849,25431849,1309401,44555625
1,5055,2811,4539,6573,5523,7901721,48154833,20602521,38253825,25553025,12852225,30503529,2951217,43204329
1,5070,2730,4278,6630,5754,7452900,51360516,18301284,36553284,25704900,14856516,33108516,49284,43956900
1,5406,1974,5034,7386,5754,3896676,58436676,25341156,50669316,29224836,7780356,33108516,12996,54552996
1,5525,4045,4975,6685,6025,16362025,50464225,24750625,38914225,30525625,22137025,36300625,10587025,44689225
1,5629,3419,5321,7189,5921,11689561,55054321,28313041,48309121,31685641,15062161,35058241,8316961,51681721
1,5655,3891,4641,6987,6513,15139881,59258313,21538881,38378025,31979025,25580025,42419169,4699737,48818169
1,5763,3387,4947,7413,6477,11471769,63691929,24472809,46213209,33212169,20211129,41951529,2732409,54952569
1,5780,2380,5468,7820,6076,5664400,64661776,29899024,57643024,33408400,9173776,36917776,2155024,61152400
1,5915,3185,4991,7735,6713,10144225,69907369,24910081,49753081,34987225,20221369,45064369,67081,59830225
1,5945,2987,5609,7859,6263,8922169,65646025,31460881,57881737,35343025,12804313,39225169,5040025,61763881
1,6307,2303,5873,8617,6713,5303809,79538809,34492129,68966569,39778249,10589929,45064369,17689,74252689
1,6375,4935,5493,7545,7149,24354225,67394601,30173049,46459449,40640625,34821801,51108201,13886649,56927025
1,6409,3281,5911,8449,6871,10764961,77520961,34939921,65250241,41075281,16900321,47210641,4629601,71385601
1,6500,2300,6268,8900,6724,5290000,82172176,39287824,76247824,42250000,8252176,45212176,2327824,79210000
1,6565,4057,5165,8351,7715,16459249,86161201,26677225,53317201,43099225,32881249,59521225,37249,69739201
1,6630,4854,5970,8022,7230,23561316,72668484,35640900,56036484,43956900,31877316,52272900,15245316,64352484
1,6740,3748,6052,8764,7364,14047504,85608592,36626704,68006800,45427600,22848400,54228496,5246608,76807696
1,6760,3640,5704,8840,7672,13249600,91307584,32535616,64983616,45697600,26411584,58859584,87616,78145600
1,7093,4633,6473,8897,7663,21464689,87567529,41899729,70745689,50310649,29875609,58721569,13053769,79156609
1,7208,2632,6712,9848,7672,6927424,103887424,45050944,90078784,51955264,13831744,58859584,23104,96983104
1,7215,5217,5619,8769,8517,27217089,97378425,31573161,56412297,52056225,47700153,72539289,6734025,76895361
1,7225,2975,6835,9775,7595,8850625,101034025,46717225,90067225,52200625,14334025,57684025,3367225,95550625
1,7540,5188,6188,9316,8684,26915344,105348112,38291344,68227600,56851600,45475600,75411856,8355088,86787856
1,7585,4879,6715,9553,8365,23804641,103700809,45091225,78818809,57532225,36245641,69973225,11363641,91259809
1,7605,4095,6417,9945,8631,16769025,115561161,41177889,82244889,57836025,33427161,74494161,110889,98903025
1,7684,4516,6596,9884,8636,20394256,113230096,43507216,82156816,59043856,35930896,74580496,4857616,97693456
1,7735,5663,6965,9359,8435,32069569,98909881,48511225,76271881,59830225,43388569,71149225,20750569,87590881
1,8109,2961,7551,11079,8631,8767521,131482521,57017601,114005961,65755881,17505801,74494161,29241,122744241
1,8125,2875,7835,11125,8405,8265625,128394025,61387225,119137225,66015625,12894025,70644025,3637225,123765625
1,8125,5525,6607,10075,9401,30525625,123868801,43652449,79142449,66015625,52888801,88378801,8162449,101505625
1,8425,4685,7565,10955,9205,21949225,133763425,57229225,106260625,70980625,35700625,84732025,8197825,120012025
1,8450,4550,7130,11050,9590,20702500,142668100,50836900,101536900,71402500,41268100,91968100,136900,122102500
1,8500,6580,7324,10060,9532,43296400,119812624,53640976,82594576,72250000,61905424,90859024,24687376,101203600
1,8650,1990,8462,12070,8834,3960100,148901956,71605444,142467844,74822500,7177156,78039556,743044,145684900
1,8670,3570,8202,11730,9114,12744900,145488996,67272804,129696804,75168900,20640996,83064996,4848804,137592900
1,8840,6472,7960,10696,9640,41886784,129188416,63361600,99620416,78145600,56670784,92929600,27102784,114404416
1,8845,3973,8711,11861,8977,15784729,143035825,75881521,138330817,78234025,18137233,80586529,13432225,140683321
1,8905,5845,7321,11155,10247,34164025,150136009,53597041,98732041,79299025,59866009,105001009,8462041,124434025
1,9010,3290,8390,12310,9590,10824100,162324100,70392100,140748100,81180100,21612100,91968100,36100,151536100
1,9010,4346,8390,11978,9590,18887716,154260484,70392100,132684484,81180100,29675716,91968100,8099716,143472484
1,9295,5005,7843,12155,10549,25050025,172628401,61512649,122859649,86397025,49934401,111281401,165649,147744025
1,9425,6485,7735,11645,10855,42055225,164606425,59830225,106605625,88830625,71055625,117831025,13054825,135606025
1,9605,5645,8245,12355,10795,31866025,176922025,67980025,128370025,92256025,56142025,116532025,7590025,152646025
1,9620,6956,7492,11692,11356,48385936,173117200,56130064,100288528,92544400,84800272,128958736,11971600,136702864
1,9750,3450,9402,13350,10086,11902500,184887396,88397604,171557604,95062500,18567396,101727396,5237604,178222500
1,9911,3619,9229,13541,10549,13097161,196412161,85174441,170305201,98227921,26150641,111281401,43681,183358681
1,9945,7281,8955,12033,10845,53012961,163504089,80192025,126082089,98903025,71723961,117614025,34301961,144793089
1,10110,5622,9078,13146,11046,31606884,192619332,82410084,153015300,102212100,51408900,122014116,11804868,172817316
1,10115,4165,9569,13685,10633,17347225,198026689,91565761,176531761,102313225,28094689,113060689,6599761,187279225
1,10140,5460,8556,13260,11508,29811600,205442064,73205136,146213136,102819600,59426064,132434064,197136,175827600
1,10625,8225,9155,12575,11915,67650625,187207225,83814025,129054025,112890625,96727225,141967225,38574025,158130625
1,10812,3948,10068,14772,11508,15586704,233746704,101364624,202677264,116899344,31121424,132434064,51984,218211984
1,10865,8215,9127,12985,12361,67486225,203356321,83302129,133864129,118048225,102232321,152794321,32740129,168610225
1,10985,5915,9269,14365,12467,34987225,241109089,85914361,171597361,120670225,69743089,155426089,231361,206353225
1,11050,8090,9950,13370,12050,65448100,201856900,99002500,155656900,122102500,88548100,145202500,42348100,178756900
1,11237,2777,11023,15647,11447,7711729,249592249,121506529,240064969,126270169,12475369,131033809,2948089,244828609
1,11258,6838,10642,14378,11842,46758244,220217284,113252164,193236484,126742564,60248644,140232964,33267844,206726884
1,11285,7259,9485,14213,12835,52693081,239395369,89965225,164623369,127351225,90079081,164737225,15307081,202009369
1,11310,7782,9282,13974,13026,60559524,237033252,86155524,153512100,127916100,102320100,169676676,18798948,195272676
1,11375,4025,10969,15575,11767,16200625,251652289,120318961,233508961,129390625,25272289,138462289,7128961,242580625
1,11526,6774,9894,14826,12954,45887076,254767716,97891236,184852836,132848676,80844516,167806116,10929636,219810276
1,11560,4760,10936,15640,12152,22657600,258647104,119596096,230572096,133633600,36695104,147671104,8620096,244609600
1,11713,4277,10907,16003,12467,18292729,274327729,118962649,237864289,137194369,36524449,155426089,61009,256096009
1,11795,6559,10591,15337,12887,43020481,262176313,112169281,208270825,139122025,69973225,166074769,16067737,235223569
1,11830,6370,9982,15470,13426,40576900,279629476,99640324,199012324,139948900,80885476,180257476,268324,239320900
1,11890,5974,11218,15718,12526,35688676,262584100,125843524,231526948,141372100,51217252,156900676,20160100,247055524
1,12025,8695,9365,14615,14195,75603025,270495625,87703225,156700825,144600625,132500425,201498025,18705625,213598225
1,12155,8899,10945,14707,13255,79192201,244246849,119793025,188344849,147744025,107143201,175695025,51241201,216295849
1,12337,6643,11417,16133,13193,44129449,282127369,130347889,238420009,152201569,65983129,174055249,22275769,260273689
1,12614,4606,11746,17234,13426,21215236,318155236,137968516,275866276,159112996,42359716,180257476,70756,297010756
1,12675,6825,10695,16575,14385,46580625,321003225,114383025,228458025,160655625,92853225,206928225,308025,274730625
1,12750,9870,10986,15090,14298,97416900,269578404,120692196,185837796,162562500,139287204,204432804,55546596,227708100
1,12818,6562,11822,16898,13742,43059844,310083844,139759684,261000964,164301124,67601284,188842564,18518404,285542404
1,12975,2985,12693,18105,13251,8910225,335029401,161112249,320552649,168350625,16148601,175589001,1671849,327791025
1,13000,4600,12536,17800,13448,21160000,328688704,157151296,304991296,169000000,33008704,180848704,9311296,316840000
1,13005,5355,12303,17595,13671,28676025,327350241,151363809,291817809,169130025,46442241,186896241,10909809,309584025
1,13130,8114,10330,16702,15430,65836996,344644804,106708900,213268804,172396900,131524996,238084900,148996,278956804
1,13195,9079,10829,16303,15197,82428241,322628593,117267241,208947025,174108025,139269025,230948809,25587457,265787809
1,13260,9708,11940,16044,14460,94245264,290673936,142563600,224145936,175827600,127509264,209091600,60981264,257409936
1,13345,5155,12359,18155,14263,26574025,354948169,152744881,304259881,178089025,51918169,203433169,1229881,329604025
1,13447,7903,11543,17297,15113,62457409,346767169,133240849,251605249,180821809,110038369,228402769,14876449,299186209
1,13480,7496,12104,17528,14728,56190016,342434368,146506816,272027200,181710400,91393600,216913984,20986432,307230784
1,13515,4935,12585,18465,14385,24354225,365229225,158382225,316683225,182655225,48627225,206928225,81225,340956225
1,13515,6519,12585,17967,14385,42497361,347086089,158382225,298540089,182655225,66770361,206928225,18224361,322813089
1,13520,7280,11408,17680,15344,52998400,365230336,130142464,259934464,182790400,105646336,235438336,350464,312582400
1,13625,9005,10271,17035,16303,81090025,370338409,105493441,210044041,185640625,161237209,265787809,942841,290191225
1,14186,9266,12946,17794,15326,85858756,350270116,167598916,282982756,201242596,119502436,234886276,52215076,316626436
1,14365,7735,12121,18785,16303,59830225,412310809,146918641,293441641,206353225,119264809,265787809,395641,352876225
1,14365,10517,12935,17381,15665,110607289,341138161,167314225,263060161,206353225,149646289,245392225,71568289,302099161
1,14416,5264,13424,19696,15344,27709696,415549696,180203776,360315136,207821056,55326976,235438336,92416,387932416
1,14430,10434,11238,17538,17034,108868356,389513700,126292644,225649188,208224900,190800612,290157156,26936100,307581444
1,14450,5950,13670,19550,15190,35402500,404136100,186868900,360268900,208802500,57336100,230736100,13468900,382202500
1,14625,5175,14103,20025,15129,26780625,415996641,198894609,386004609,213890625,41776641,228886641,11784609,401000625
1,14875,11515,12817,17605,16681,132595225,366926161,164275489,252945889,221265625,189585361,278255761,75605089,309936025
1,15080,10376,12376,18632,17368,107661376,421392448,153165376,272910400,227406400,181902400,301647424,33420352,347151424
1,15145,6851,14005,20293,16205,46936201,445036849,196140025,378574849,229371025,80167201,262602025,13705201,411805849
1,15165,8433,13617,19719,16569,71115489,433393497,185422689,344284425,229977225,115670025,274531761,26560953,388838961
1,15170,9758,13430,19106,16730,95218564,414803236,180364900,315275236,230128900,144982564,279892900,45454564,365039236
1,15210,8190,12834,19890,17262,67076100,462244644,164711556,328979556,231344100,133708644,297976644,443556,395612100
1,15317,5593,14263,20927,16303,31281649,469116649,203433169,406762009,234610489,62458969,265787809,104329,437939329
1,15368,9032,13192,19768,17272,81577024,452920384,174028864,328627264,236175424,143723584,298321984,19430464,390773824
1,15470,11326,13930,18718,16870,128278276,395639524,194044900,305087524,239320900,173554276,284596900,83002276,350363524
1,15895,6545,15037,21505,16709,42837025,489004681,226111369,435925369,252651025,69376681,279190681,16297369,462465025
1,16025,4153,15479,22279,16553,17247409,513555025,239599441,479152657,256800625,34448593,274001809,46225,496353841
1,16055,8645,13547,20995,18221,74736025,515031841,183521209,366548209,257763025,148977841,332004841,494209,440790025
1,16133,9347,13223,20813,18593,87366409,518606929,174847729,347755009,260273689,172792369,345699649,1940449,433180969
1,16218,5922,15102,22158,17262,35070084,525930084,228070404,456023844,263023524,70023204,297976644,116964,490976964
1,16250,5750,15670,22250,16810,33062500,513576100,245548900,476548900,264062500,51576100,282576100,14548900,495062500
1,16250,11050,13214,20150,18802,122102500,495475204,174609796,316569796,264062500,211555204,353515204,32649796,406022500
1,16575,12135,14925,20055,18075,147258225,454178025,222755625,350228025,274730625,199233225,326705625,95283225,402203025
1,16835,12173,13111,20461,19873,148181929,530171425,171898321,307133617,283417225,259700833,394936129,36663025,418652521
1,16850,9370,15130,21910,18410,87796900,535053700,228916900,425042500,283922500,142802500,338928100,32791300,480048100
1,16887,10257,15963,21567,17763,105206049,495488889,254817369,434782089,285170769,135559449,315524169,74852649,465135489
1,16900,9100,14260,22100,19180,82810000,570672400,203347600,406147600,285610000,165072400,367872400,547600,488410000
1,16965,11673,13923,20961,19539,136258929,533324817,193849929,345402225,287811225,230220225,381772521,42297633,439363521
1,17000,13160,14648,20120,19064,173185600,479250496,214563904,330378304,289000000,247621696,363436096,98749504,404814400
1,17119,6251,15941,23389,18221,39075001,585990001,254115481,508100641,293060161,78019681,332004841,130321,547045321
1,17225,11713,16805,21359,17635,137194369,470499481,282408025,441914281,296700625,151486969,310993225,122901769,456206881
1,17289,10161,14841,22239,19431,103245921,573227361,220255281,415918881,298909521,181900161,377563761,24591681,494573121
1,17300,3980,16924,24140,17668,15840400,595607824,286421776,569871376,299290000,28708624,312158224,2972176,582739600
1,17340,7140,16404,23460,18228,50979600,581955984,269091216,518787216,300675600,82563984,332259984,19395216,550371600
1,17425,6817,16205,23681,18565,46471489,601818361,262602025,519761161,303630625,87500089,344659225,5442889,560789761
1,17680,12944,15920,21392,19280,167547136,516753664,253446400,398481664,312582400,226683136,371718400,108411136,457617664
1,17690,7946,17422,23722,17954,63138916,572143300,303526084,553323268,312936100,72548932,322346116,53728900,562733284
1,17745,9555,14973,23205,20139,91298025,629166321,224190729,447777729,314885025,181992321,405579321,603729,538472025
1,17810,11690,14642,22310,20494,136656100,600544036,214388164,394928164,317196100,239464036,420004036,33848164,497736100
1,17835,8961,16827,23577,18789,80299521,590814225,283147929,520935633,318087225,115238817,353026521,45360225,555874929
1,17875,6325,17237,24475,18491,40005625,621427081,297114169,576624169,319515625,62407081,341917081,17604169,599025625
1,18020,6580,16780,24620,19180,43296400,649296400,281568400,562992400,324720400,86448400,367872400,144400,606144400
1,18020,8692,16780,23956,19180,75550864,617041936,281568400,530737936,324720400,118702864,367872400,32398864,573889936
1,18245,13111,14473,22223,21361,171898321,617274025,209467729,370449433,332880025,295310617,456292321,48486025,493861729
1,18535,10307,16643,24101,20251,106234249,647414977,276989449,514301425,343546225,172791025,410103001,39677473,580858201
1,18590,10010,15686,24310,21098,100200100,690513604,246050596,491438596,345588100,199737604,445125604,662596,590976100
1,18785,7735,17657,25415,19849,59830225,687028801,311769649,604815649,352876225,100936801,393982801,18723649,645922225
1,18785,7735,17771,25415,19747,59830225,682990009,315808441,608854441,352876225,96898009,389944009,22762441,645922225
1,18785,13753,16915,22729,20485,189145009,583366441,286117225,449848441,352876225,255904009,419635225,122386009,516607441
1,18850,12970,15470,23290,21710,168220900,658425700,239320900,426422500,355322500,284222500,471324100,52219300,542424100
1,18921,6909,17619,25851,20139,47734281,715849281,310429161,620699121,358004241,95309361,405579321,159201,668274201
1,19125,14805,16479,22635,21447,219188025,606551409,271557441,418135041,365765625,313396209,459973809,124979841,512343225
1,19210,11290,16490,24710,21590,127464100,707688100,271920100,513480100,369024100,224568100,466128100,30360100,610584100
1,19227,9843,17733,25347,20613,96884649,697688649,314459289,587252169,369677529,152102889,424895769,41666409,642470409
1,19240,13912,14984,23384,22712,193543744,692468800,224520256,401154112,370177600,339201088,515834944,47886400,546811456
1,19435,10465,16399,25415,22057,109516225,754714249,268927201,537130201,377719225,218308249,486511249,724201,645922225
1,19500,6900,18804,26700,20172,47610000,739549584,353590416,686230416,380250000,74269584,406909584,20950416,712890000
1,19695,12171,15495,25053,23145,148133241,775450809,240095025,479854809,387893025,295931241,535691025,335241,627652809
1,19822,7238,18458,27082,21098,52388644,785648644,340697764,681220804,392911684,104602564,445125604,174724,733434724
1,19890,14562,17910,24066,21690,212051844,654016356,320768100,504328356,395612100,286895844,470456100,137207844,579172356
1,20220,11244,18156,26292,22092,126427536,770477328,329640336,612061200,408848400,205635600,488056464,47219472,691269264
1,20230,8330,19138,27370,21266,69388900,792106756,366263044,706127044,409252900,112378756,452242756,26399044,749116900
1,20280,10920,17112,26520,23016,119246400,821768256,292820544,584852544,411278400,237704256,529736256,788544,703310400
1,20723,7567,19297,28313,22057,57259489,858694489,372374209,744557449,429442729,114328009,486511249,190969,801625969
1,20735,14267,17017,25619,23881,203547289,796695097,289578289,515971225,429940225,343909225,570302161,63185353,656333161
1,20995,15371,18905,25403,22895,236267641,728703409,357399025,561921409,440790025,319658641,524181025,152876641,645312409
1,21125,7475,20371,28925,21853,55875625,867943609,414977641,805367641,446265625,87163609,477553609,24587641,836655625
1,21125,11375,17825,27625,23975,129390625,891675625,317730625,634605625,446265625,257925625,574800625,855625,763140625
1,21131,12419,18139,27181,23749,154231561,856302601,329023321,621310921,446519161,271727401,564015001,36735721,738806761
1,21250,16450,18310,25150,23830,270602500,748828900,335256100,516216100,451562500,386908900,567868900,154296100,632522500
1,21279,13899,19419,26691,22989,193182201,788107761,377097561,636711201,452795841,268880481,528494121,117483921,712409481
1,21624,7896,20136,29544,23016,62346816,934986816,405458496,810709056,467597376,124485696,529736256,207936,872847936
1,21625,4975,21155,30175,22085,24750625,930637225,447534025,890424025,467640625,44857225,487747225,4644025,910530625
1,21625,13225,20417,27575,22769,174900625,811167361,416853889,709593889,467640625,225687361,518427361,124113889,760380625
1,21645,15651,16857,26307,25551,244953801,876405825,284158449,507710673,468506025,429301377,652853601,60606225,692058249
1,21675,8925,20505,29325,22785,79655625,909306225,420455025,810605025,469805625,129006225,519156225,30305025,859955625
1,21730,16430,18254,25970,24722,269944900,813425284,333208516,535456516,472192900,408929284,611177284,130960516,674440900
1,21905,12181,19669,28483,23933,148376761,904240753,386869561,718321825,479829025,241336225,572788489,55417297,811281289
1,21905,14527,18355,27361,24955,211033729,891547321,336906025,605701321,479829025,353956729,622752025,68110729,748624321
1,21953,18593,19783,24863,23927,345699649,708735889,391367089,527601649,481934209,436266769,572501329,255132529,618168769
1,21970,11830,18538,28730,24934,139948900,964436356,343657444,686389444,482680900,278972356,621704356,925444,825412900
1,22100,16180,19900,26740,24100,261792400,807427600,396010000,622627600,488410000,354192400,580810000,169392400,715027600
1,22474,5554,22046,31294,22894,30846916,998368996,486026116,960259876,505080676,49901476,524135236,11792356,979314436
1,22516,13676,21284,28756,23684,187032976,880869136,453008656,772945936,506970256,240994576,560931856,133071376,826907536
1,22525,8225,20975,30775,23975,67650625,1014525625,439950625,879675625,507375625,135075625,574800625,225625,947100625
1,22525,10865,20975,29945,23975,118048225,964128025,439950625,829278025,507375625,185473225,574800625,50623225,896703025
1,22570,14518,18970,28426,25670,210772324,957581476,359860900,658493476,509404900,360316324,658948900,61228324,808037476
1,22620,15564,18564,27948,26052,242238096,948133008,344622096,614048400,511664400,409280400,678706704,75195792,781090704
1,22750,8050,21938,31150,23534,64802500,1006609156,481275844,934035844,517562500,101089156,553849156,28515844,970322500
1,22755,14637,20145,28659,25095,214241769,933307281,405821025,709369281,517790025,326210769,629759025,102272769,821338281
1,22815,12285,19251,29835,25893,150921225,1040050449,370601001,740204001,520524225,300844449,670447449,998001,890127225
1,23052,13548,19788,29652,25908,183548304,1019070864,391564944,739411344,531394704,323378064,671224464,43718544,879241104
1,23120,9520,21872,31280,24304,90630400,1034588416,478384384,922288384,534534400,146780416,590684416,34480384,978438400
1,23205,16989,20895,28077,25305,288626121,890188929,436601025,686446929,538472025,390497121,640343025,186755121,788317929
1,23273,14467,18983,29563,26887,209294089,1055249209,360354289,692692729,541632529,390572329,722910769,28015849,873970969
1,23375,18095,20141,27665,26213,327429025,906082969,405659881,624621481,546390625,468159769,687121369,186698281,765352225
1,23426,8554,21814,32006,24934,73170916,1097310916,475850596,951457156,548777476,146097796,621704356,244036,1024384036
1,23590,13118,21182,30674,25774,172081924,1048705252,448677124,833083300,556488100,279892900,664299076,64270948,940894276
1,23660,12740,19964,30940,26852,162307600,1118517904,398561296,796049296,559795600,323541904,721029904,1073296,957283600
1,23780,11948,22436,31436,25052,142754704,1050336400,503374096,926107792,565488400,204869008,627602704,80640400,988222096
1,24050,17390,18730,29230,28390,302412100,1081982500,350812900,626803300,578402500,530001700,805992100,74822500,854392900
1,24310,17798,21890,29414,26510,316768804,976987396,479172100,753379396,590976100,428572804,702780100,204964804,865183396
1,24327,8883,22653,33237,25893,78907689,1183342689,513158409,1026053649,591802929,157552209,670447449,263169,1104698169
1,24375,8625,23505,33375,25215,74390625,1155546225,552485025,1072235025,594140625,116046225,635796225,32735025,1113890625
1,24375,16575,19821,30225,28203,274730625,1114819209,392872041,712282041,594140625,475999209,795409209,73462041,913550625
1,24505,13195,20677,32045,27811,174108025,1199838721,427538329,853925329,600495025,347064721,773451721,1151329,1026882025
1,24505,16861,20111,30277,28223,284293321,1112739433,404452321,720654025,600495025,480336025,796537729,88250617,916696729
1,24565,10115,23239,33235,25823,102313225,1167953329,540051121,1041177121,603439225,165701329,666827329,38925121,1104565225
1,24674,13286,22834,32266,26386,176517796,1128509476,521391556,953680036,608806276,263932516,696220996,89103076,1041094756
1,24973,14677,21437,32123,28067,215414329,1195992889,459544969,867781369,623650729,379520089,787756489,51308569,1031887129
1,25228,9212,23492,34468,26852,84860944,1272620944,551874064,1103465104,636451984,169438864,721029904,283024,1188043024
1,25275,14055,22695,32865,27615,197543025,1203870825,515063025,956345625,638825625,321305625,762588225,73780425,1080108225
1,25350,13650,21390,33150,28770,186322500,1284012900,457532100,913832100,642622500,371412900,827712900,1232100,1098922500
1,25415,18607,22885,30751,27715,346220449,1067823001,523723225,823425001,645922225,468419449,768121225,224021449,945624001
1,25500,19740,21972,30180,28596,389667600,1078313616,482768784,743351184,650250000,557148816,817731216,222186384,910832400
1,25636,13124,23644,33796,27484,172239376,1240335376,559038736,1044003856,657204496,270405136,755370256,74073616,1142169616
1,25925,7031,25195,35983,26635,49434961,1332093889,634788025,1257458689,672105625,86752561,709423225,12117361,1294776289
1,25950,5970,25386,36210,26502,35640900,1340117604,644448996,1282210596,673402500,64594404,702356004,6687396,1311164100
1,26000,9200,25072,35600,26896,84640000,1314754816,628605184,1219965184,676000000,132034816,723394816,37245184,1267360000
1,26010,10710,24606,35190,27342,114704100,1309400964,605455236,1167271236,676520100,185768964,747584964,43639236,1238336100
1,26129,9541,24331,35699,27811,91030681,1365145681,591997561,1183691521,682724641,181757761,773451721,303601,1274418601
1,26195,14105,22103,34255,29729,198951025,1371040441,488542609,975769609,686178025,396586441,883813441,1315609,1173405025
1,26260,16228,20660,33404,30860,263347984,1378579216,426835600,853075216,689587600,526099984,952339600,595984,1115827216
1,26390,18158,21658,32606,30394,329712964,1290514372,469068964,835788100,696432100,557076100,923795236,102349828,1063151236
1,26455,19129,20603,32153,31229,365918641,1309198825,424483609,758431993,699867025,641302057,975250441,90535225,1033815409
1,26520,19416,23880,32088,28920,376981056,1162695744,570254400,896583744,703310400,510037056,836366400,243925056,1029639744
1,26535,11919,26133,35583,26931,142062561,1287322425,682933689,1244977353,704106225,163235097,725278761,120890025,1266149889
1,26690,10310,24718,36310,28526,106296100,1419792676,610979524,1217039524,712356100,207672676,813732676,4919524,1318416100
1,26715,17535,21963,33465,30741,307476225,1351224081,482373369,888588369,713691225,538794081,945009081,76158369,1119906225
1,26825,12565,25549,35795,28043,157879225,1348111249,652751401,1214452801,719580625,224708449,786409849,91050001,1281282025
1,26825,21097,22015,31529,30895,445083409,1228998241,484660225,759157441,719580625,680003809,954501025,210163009,994077841
1,26894,15806,23086,34594,30226,249829636,1387068676,532963396,1006420996,723287236,440153476,913611076,59505796,1196744836
1,26945,19405,24551,32795,29143,376554025,1198793449,602751601,952230601,726033025,499835449,849314449,253272601,1075512025
1,26960,14992,24208,35056,29456,224760064,1369737472,586027264,1088108800,726841600,365574400,867655936,83945728,1228923136
1,27030,9870,25170,36930,28770,97416900,1460916900,633528900,1266732900,730620900,194508900,827712900,324900,1363824900
1,27030,13038,25170,35934,28770,169989444,1388344356,633528900,1194160356,730620900,267081444,827712900,72897444,1291252356
1,27040,14560,22816,35360,30688,211993600,1460921344,520569856,1039737856,731161600,422585344,941753344,1401856,1250329600
1,27250,18010,20542,34070,32606,324360100,1481353636,421973764,840176164,742562500,644948836,1063151236,3771364,1160764900
1,27455,11305,25973,37145,28861,127803025,1458931321,674596729,1300570729,753777025,206983321,832957321,48622729,1379751025
1,27625,9775,26639,37825,28577,95550625,1484234929,709636321,1377226321,763140625,149054929,816644929,42046321,1430730625
1,27625,20225,24875,33425,30125,409050625,1261605625,618765625,972855625,763140625,553425625,907515625,264675625,1117230625
1,27625,21385,23803,32695,30979,457318225,1265520841,566582809,872405209,763140625,653876041,959698441,260760409,1068963025
1,27885,15015,23529,36465,31647,225450225,1553655609,553613841,1105736841,777573225,449409609,1001532609,1490841,1329696225
1,27931,10199,26009,38161,29729,104019601,1559934601,676468081,1352589241,780140761,207692281,883813441,346921,1456261921
1,28145,17095,26605,35945,29605,292239025,1376358025,707826025,1207728025,792141025,376554025,876456025,207924025,1292043025
1,28275,19455,23205,34935,32565,378497025,1481457825,538472025,959450625,799475625,639500625,1060479225,117493425,1220454225
1,28372,18532,25892,35588,30652,343435024,1401080464,670395664,1131931024,804970384,478009744,939545104,208860304,1266505744
1,28645,15929,25721,37247,31297,253733041,1546305193,661569841,1228372825,820536025,412699225,979502209,94766857,1387339009
1,28730,15470,24242,37570,32606,239320900,1649243236,587674564,1173766564,825412900,477059236,1063151236,1582564,1411504900
1,28730,21034,25870,34762,31330,442429156,1364552644,669256900,1052240644,825412900,598585156,981568900,286273156,1208396644
1,28815,16935,24735,37065,32385,286794225,1592298225,611820225,1155330225,830304225,505278225,1048788225,68310225,1373814225
1,28832,10528,26848,39392,30688,110838784,1662198784,720815104,1441260544,831284224,221307904,941753344,369664,1551729664
1,28860,20868,22476,35076,34068,435473424,1558054800,505170576,902596752,832899600,763202448,1160628624,107744400,1230325776
1,28900,11900,27340,39100,30380,141610000,1616544400,747475600,1441075600,835210000,229344400,922944400,53875600,1528810000
1,29185,11515,28301,39635,30043,132595225,1621750849,800946601,1520115601,851764225,183412849,902581849,81777601,1570933225
1,29250,10350,28206,40050,30258,107122500,1663986564,795578436,1544018436,855562500,167106564,915546564,47138436,1604002500
1,29575,15925,24955,38675,33565,253605625,1747684225,622752025,1243827025,874680625,505534225,1126609225,1677025,1495755625
1,29725,11629,28045,40397,31315,135233641,1728971209,786522025,1534864009,883575625,232287241,980629225,38180041,1631917609
1,29725,14935,28045,39295,31315,223054225,1641150625,786522025,1447043425,883575625,320107825,980629225,126000625,1544097025
1,29733,10857,27687,40623,31647,117874449,1767709449,766569969,1532746809,884051289,235355769,1001532609,393129,1650228129
1,29750,23030,25634,35210,33362,530380900,1467704644,657101956,1011783556,885062500,758341444,1113023044,302420356,1239744100
1,29835,21843,26865,36099,32535,477116649,1471536801,721728225,1134738801,890127225,645515649,1058526225,308717649,1303137801
1,30160,20752,24752,37264,34736,430645504,1685569792,612661504,1091641600,909625600,727609600,1206589696,133681408,1388605696
1,30275,6965,29617,42245,30919,48511225,1824048961,877166689,1745231089,916575625,87920161,955984561,9102289,1784640025
1,30290,13702,28010,40586,32410,187744804,1780147396,784560100,1514299396,917484100,320668804,1050408100,54820804,1647223396
1,30330,16866,27234,39438,33138,284461956,1733573988,741690756,1377137700,919908900,462680100,1098127044,106243812,1555355844
1,30340,19516,26860,38212,33460,380874256,1659212944,721459600,1261100944,920515600,579930256,1119571600,181818256,1460156944
1,30345,12495,28707,41055,31899,156125025,1782240201,824091849,1588785849,920819025,252852201,1017546201,59397849,1685513025
1,30420,16380,25668,39780,34524,268304400,1848978576,658846224,1315918224,925376400,534834576,1191906576,1774224,1582448400
1,30634,11186,28526,41854,32606,125126596,1876466596,813732676,1627048036,938441956,249835876,1063151236,417316,1751757316
1,30736,18064,26384,39536,34544,326308096,1811681536,696115456,1314509056,944701696,574894336,1193287936,77721856,1563095296
1,30875,10925,29773,42275,31939,119355625,1854009721,886431529,1720341529,953265625,186189721,1020099721,52521529,1787175625
1,30940,22652,27860,37436,33740,513113104,1582558096,776179600,1220350096,957283600,694217104,1138387600,332009104,1401454096
1,31265,14165,28613,41885,33709,200647225,1913149681,818703769,1595556769,977500225,359443681,1136296681,41850769,1754353225
1,31265,16835,26381,40885,35483,283417225,1953126289,695957161,1390040161,977500225,564960289,1259043289,1874161,1671583225
1,31265,22607,24349,37999,36907,511076449,1828550425,592873801,1059297577,977500225,895702873,1362126649,126450025,1443924001
1,31525,13165,29719,42595,33233,173317225,1924940689,883218961,1703727361,993825625,283923889,1104432289,62710561,1814334025
1,31535,11515,29365,43085,33565,132595225,1988470225,862303225,1724164225,994456225,264748225,1126609225,442225,1856317225
1,31535,15211,29365,41923,33565,231374521,1889690929,862303225,1625384929,994456225,363527521,1126609225,99221521,1757537929
1,31705,19355,25313,40445,37009,374616025,2000257081,640747969,1271338969,1005207025,739075081,1369666081,10156969,1635798025
1,31705,22805,25313,38605,37009,520068025,1854805081,640747969,1125886969,1005207025,884527081,1369666081,155608969,1490346025
1,31790,13090,30074,43010,33418,171348100,1956018724,904445476,1743701476,1010604100,277506724,1116762724,65189476,1849860100
1,31875,24675,27465,37725,35745,608855625,1684865025,754326225,1161486225,1016015625,870545025,1277705025,347166225,1423175625
1,32015,17803,28747,41629,34979,316946809,1931543857,826390009,1534403425,1024960225,515517025,1223530441,118376593,1732973641
1,32045,16405,29555,42245,34355,269124025,1938024025,873498025,1631256025,1026882025,422508025,1180266025,115740025,1784640025
1,32045,22049,26299,39593,36907,486158401,1902850273,691637401,1232361025,1026882025,821403025,1362126649,150913777,1567605649
1,32045,23461,28855,38773,34945,550418521,1697616529,832611025,1309074529,1026882025,744689521,1221153025,356147521,1503345529
1,32050,8306,30958,44558,33106,68989636,2054220100,958397764,1916610628,1027202500,137794372,1096007236,184900,1985415364
1,32110,17290,27094,41990,36442,298944100,2060127364,734084836,1466192836,1031052100,595911364,1328019364,1976836,1763160100
1,32266,18694,26446,41626,37186,349465636,2074427716,699390916,1391020036,1041094756,691169476,1382798596,7761796,1732723876
1,32436,11844,30204,44316,34524,140280336,2103720336,912281616,1824095376,1052094096,280092816,1191906576,467856,1963907856
1,32449,16909,29831,42661,34871,285914281,1983009961,889888561,1656911881,1052937601,448963321,1215986641,122865241,1819960921
1,32500,11500,31340,44500,33620,132250000,2054304400,982195600,1906195600,1056250000,206304400,1130304400,58195600,1980250000
1,32500,22100,26428,40300,37604,488410000,1981900816,698439184,1266279184,1056250000,846220816,1414060816,130599184,1624090000
1,32595,24645,27381,38955,37083,607376025,1830206889,749719161,1204777161,1062434025,920090889,1375148889,294661161,1517492025
1,32657,19193,28033,42007,36703,368371249,2045218609,785849089,1483957489,1066479649,649001809,1347110209,87740689,1764588049
1,32825,20285,25825,41755,38575,411481225,2154030025,666930625,1332930025,1077480625,822031225,1488030625,931225,1743480025
1,32955,17745,27807,43095,37401,314885025,2169981801,773229249,1544376249,1086032025,627687801,1398834801,2082249,1857179025
1,33150,24270,29850,40110,36150,589032900,1816712100,891022500,1400912100,1098922500,796932900,1306822500,381132900,1608812100
1,33235,13685,31441,44965,34937,187279225,2137879969,988536481,1905822481,1104565225,303307969,1220593969,71250481,2021851225
1,33337,12173,31043,45547,35483,148181929,2222216929,963667849,1926841489,1111355569,295869649,1259043289,494209,2074529209
1,33670,24346,26222,40922,39746,592727716,2120685700,687593284,1228534468,1133668900,1038803332,1579744516,146652100,1674610084
1,33700,18740,30260,43820,36820,351187600,2140214800,915667600,1700170000,1135690000,571210000,1355712400,131165200,1920192400
1,33711,8331,33069,46941,34341,69405561,2246330241,1093558761,2160584721,1136431521,112278321,1179304281,26532801,2203457481
1,33774,20514,31926,43134,35526,420824196,1981955556,1019269476,1739128356,1140683076,542237796,1262096676,299410596,1860541956
1,33800,18200,28520,44200,38360,331240000,2282689600,813390400,1624590400,1142440000,660289600,1471489600,2190400,1953640000
1,33855,21777,28455,42639,38505,474237729,2154558321,809687025,1481610321,1146161025,810711729,1482635025,137763729,1818084321
1,33930,23346,27846,41922,39078,545035716,2133299268,775399716,1381608900,1151244900,920880900,1527090084,169190532,1757454084
1,34000,26320,29296,40240,38128,692742400,1917001984,858255616,1321513216,1156000000,990486784,1453744384,394998016,1619257600
1,34125,12075,32907,46725,35301,145805625,2264870601,1082870649,2101580649,1164515625,227450601,1246160601,64160649,2183225625
1,34238,12502,31882,46778,36442,156300004,2343960004,1016461924,2032402564,1172240644,312078724,1328019364,521284,2188181284
1,34255,25079,30845,41447,37355,628956241,1939844809,951414025,1495862809,1173405025,850947241,1395396025,406965241,1717853809
1,34450,23426,33610,42718,35270,548777476,1881997924,1129632100,1767657124,1186802500,605947876,1243972900,491607076,1824827524
1,34578,20322,29682,44478,38862,412983684,2292909444,881021124,1663675524,1195638084,727600644,1510255044,98366724,1978292484
1,34600,7960,33848,48280,35336,63361600,2382431296,1145687104,2279485504,1197160000,114834496,1248632896,11888704,2330958400
1,34645,18655,29233,45305,39319,348009025,2398250761,854568289,1706835289,1200276025,693716761,1545983761,2301289,2052543025
1,34645,22373,29561,43589,39073,500551129,2226424225,873852721,1573577617,1200276025,826974433,1526699329,174127825,1900000921
1,34680,14280,32808,46920,36456,203918400,2327823936,1076364864,2075148864,1202702400,330255936,1329039936,77580864,2201486400
1,34850,13634,32410,47362,37130,185885956,2407273444,1050408100,2079044644,1214522500,350000356,1378636900,21771556,2243159044
1,35137,24313,33233,43337,36943,591121969,2008272049,1104432289,1747919089,1234608769,721298449,1364785249,460945489,1878095569
1,35139,12831,32721,48009,37401,164634561,2468949561,1070663841,2140778601,1234749321,328720041,1398834801,549081,2304864081
1,35360,25888,31840,42784,38560,670188544,2067014656,1013785600,1593926656,1250329600,906732544,1486873600,433644544,1830470656
1,35380,15892,34844,47444,35908,252555664,2288573200,1214104336,2213293072,1251744400,290195728,1289384464,214915600,2250933136
1,35385,19677,31773,46011,38661,387184329,2359586817,1009523529,1874437425,1252098225,629759025,1494672921,144609633,2117012121
1,35405,7081,34805,49567,35995,50140561,2499013489,1211388025,2414761489,1253514025,92266561,1295640025,8014561,2456887489
1,35405,12911,34805,48377,35995,166693921,2382460129,1211388025,2298208129,1253514025,208819921,1295640025,124567921,2340334129
1,35465,23165,32365,44485,38315,536617225,2189188225,1047493225,1768642225,1257766225,746890225,1468039225,326344225,1978915225
1,35490,19110,29946,46410,40278,365192100,2516665284,896762916,1791110916,1259540100,727969284,1622317284,2414916,2153888100
1,35620,23380,29284,44620,40988,546624400,2402176144,857552656,1579712656,1268784400,957856144,1680016144,135392656,1990944400
1,35670,17922,33654,47154,37578,321198084,2363256900,1132591716,2083742532,1272348900,460955268,1412106084,181440900,2223499716
1,35750,12650,34474,48950,36982,160022500,2485708324,1188456676,2306496676,1278062500,249628324,1367668324,70416676,2396102500
1,35815,24643,29393,44251,41249,607277449,2376916777,863948449,1539385225,1282714225,1026043225,1701480001,188511673,1958151001
1,36040,13160,33560,49240,38360,173185600,2597185600,1126273600,2251969600,1298881600,345793600,1471489600,577600,2424577600
1,36040,17384,33560,47912,38360,302203456,2468167744,1126273600,2122951744,1298881600,474811456,1471489600,129595456,2295559744
1,36075,26085,28095,43845,42585,680427225,2434460625,789329025,1410307425,1301405625,1192503825,1813482225,168350625,1922384025
1,36125,14875,34175,48875,37975,221265625,2525850625,1167930625,2251680625,1305015625,358350625,1442100625,84180625,2388765625
1,36125,27965,31127,42755,40511,782041225,2164115521,968890129,1491864529,1305015625,1118166721,1641141121,445915729,1827990025
1,36335,19565,30659,47515,41237,382789225,2637933169,939974281,1877417281,1320232225,763047169,1700490169,2531281,2257675225
1,36465,26697,32835,44121,39765,712729809,2198221641,1078137225,1695103641,1329696225,964288809,1581255225,461170809,1946662641
1,36490,26222,28946,44446,42722,687593284,2469096100,837870916,1481797732,1331520100,1181242468,1825169284,193944100,1975446916
1,36499,21451,31331,46949,41021,460145401,2554754041,981631561,1853663161,1332177001,810690841,1682722441,109599961,2204208601
1,36805,24191,33113,46087,40159,585204481,2382148825,1096470769,1865874313,1354608025,843341737,1612745281,327067225,2124011569
1,36941,13489,34399,50471,39319,181953121,2728668121,1183291201,2365975561,1364637481,363299401,1545983761,606841,2547321841
1,37011,19929,34251,48399,39579,397165041,2539146321,1173131001,2145780081,1369814121,593848161,1566497241,200481921,2342463201
1,37070,20614,33286,48202,40502,424936996,2589659908,1107957796,2057205700,1374184900,691164100,1640412004,158709892,2323432804
1,37180,20020,31372,48620,42196,400800400,2762054416,984202384,1965754384,1382352400,798950416,1780502416,2650384,2363904400
1,37265,13891,36991,50837,37537,192959881,2604746713,1368334081,2564054425,1388680225,213306025,1409026369,172613737,2584400569
1,37375,13225,36041,51175,38663,174900625,2716817569,1298953681,2520943681,1396890625,272837569,1494827569,76963681,2618880625
1,37570,15470,35314,50830,39698,239320900,2748115204,1247078596,2419262596,1411504900,403747204,1575931204,74894596,2583688900
1,37570,15470,35542,50830,39494,239320900,2731960036,1263233764,2435417764,1411504900,387592036,1559776036,91049764,2583688900
1,37570,27506,33830,45458,40970,756580036,2333465764,1144468900,1799393764,1411504900,1023616036,1678540900,489544036,2066429764
1,37700,25940,30940,46580,43420,672883600,2633702800,957283600,1705690000,1421290000,1136890000,1885296400,208877200,2169696400
1,37842,13818,35238,51702,40278,190937124,2863397124,1241716644,2482796484,1432016964,381237444,1622317284,636804,2673096804
1,37925,24395,33575,47765,41825,595116025,2592520225,1127280625,1970470225,1438305625,906141025,1749330625,284091025,2281495225
1,38025,20475,32085,49725,43155,419225625,2889029025,1029447225,2056122225,1445900625,835679025,1862354025,2772225,2472575625
1,38165,27353,30565,46529,44485,748186609,2687295841,934219225,1642599841,1456567225,1270534609,1978915225,225838609,2164947841
1,38250,29610,32958,45270,42894,876752100,2426205636,1086229764,1672540164,1463062500,1253584836,1839895236,499919364,2049372900
1,38420,22580,32980,49420,43180,509856400,2830752400,1087680400,2053920400,1476096400,898272400,1864512400,121440400,2442336400
1,38425,20915,35257,50155,41351,437437225,2748948601,1243056049,2282099449,1476480625,670861801,1709905201,204012649,2515524025
1,38425,27575,37231,46825,39583,760380625,2282913889,1386147361,2102247361,1476480625,850713889,1566813889,670047361,2192580625
1,38454,19686,35466,50694,41226,387538596,2790754596,1257837156,2349008676,1478710116,608411556,1699583076,166665636,2569881636
1,38480,27824,29968,46768,45424,774174976,2769875200,898081024,1604616448,1480710400,1356804352,2063339776,191545600,2187245824
1,38675,28315,34825,46795,42175,801739225,2472747025,1212780625,1906797025,1495755625,1084714225,1778730625,518764225,2189772025
1,38743,14147,36077,52933,41237,200137609,3001372609,1301549929,2602432369,1501020049,399607729,1700490169,667489,2801902489
1,38755,21551,34799,50393,42343,464445601,2830434073,1210970401,2248474825,1501950025,755425225,1792929649,173465977,2539454449
1,38870,20930,32798,50830,44114,438064900,3018856996,1075708804,2148520804,1510876900,873232996,1946044996,2896804,2583688900
1,38925,8955,38079,54315,39753,80192025,3015264609,1450010241,2884973841,1515155625,145337409,1580301009,15046641,2950119225
1,39000,13800,37608,53400,40344,190440000,2958198336,1414361664,2744921664,1521000000,297078336,1627638336,83801664,2851560000
1,39015,16065,36909,52785,41013,258084225,2946152169,1362274281,2626360281,1522170225,417980169,1682066169,98188281,2786256225
1,39390,24342,30990,50106,46290,592532964,3101803236,960380100,1919419236,1551572100,1183724964,2142764100,1340964,2510611236
1,39403,23933,37247,50323,41447,572788489,2697661729,1387339009,2367146929,1552596409,738045889,1717853809,407531089,2532404329
1,39585,27237,32487,48909,45591,741854169,2903657337,1055405169,1880523225,1566972225,1253421225,2078539281,230287113,2392090281
1,39644,14476,36916,54164,42196,209554576,3142594576,1362791056,2724883216,1571646736,418410256,1780502416,698896,2933738896
1,39715,21385,33511,51935,45073,457318225,3151538329,1122987121,2242950121,1577281225,911612329,2031575329,3024121,2697244225
1,39780,29124,35820,48132,43380,848207376,2616065424,1283072400,2017313424,1582448400,1147583376,1881824400,548831376,2316689424
1,40035,15465,37077,54465,42789,239166225,3194533521,1374703929,2738338929,1602801225,467263521,1830898521,11068929,2966436225
1,40341,23709,34629,51891,45339,562116681,3120904521,1199167641,2264447241,1627396281,990345321,2055624921,133888041,2692675881
1,40375,31255,34789,47785,45277,976875025,2703272329,1210274521,1863540121,1630140625,1396741129,2050006729,557008921,2283406225
1,40440,22488,36312,52584,44184,505710144,3081909312,1318561344,2448244800,1635393600,822542400,1952225856,188877888,2765077056
1,40460,16660,38276,54740,42532,277555600,3168427024,1465052176,2824508176,1637011600,449515024,1808971024,105596176,2996467600
1,40545,14805,37755,55395,43155,219188025,3287063025,1425440025,2850149025,1643897025,437645025,1862354025,731025,3068606025
1,40545,19557,37755,53901,43155,382476249,3123774801,1425440025,2686860801,1643897025,600933249,1862354025,164019249,2905317801
1,40560,21840,34224,53040,46032,476985600,3287073024,1171282176,2339410176,1645113600,950817024,2118945024,3154176,2813241600
1,40625,14375,39175,55625,42025,206640625,3209850625,1534680625,2978430625,1650390625,322350625,1766100625,90930625,3094140625
1,40625,27625,33035,50375,47005,763140625,3096720025,1091311225,1978561225,1650390625,1322220025,2209470025,204061225,2537640625
1,40875,27015,30813,51105,48909,729810225,3333045681,949440969,1890396369,1670765625,1451134881,2392090281,8485569,2611721025
1,40885,29563,31841,49691,48263,873970969,3126929425,1013849281,1811461537,1671583225,1531704913,2329317169,216237025,2469195481
1,40885,29933,36815,49469,44585,895984489,2763420961,1355344225,2130942961,1671583225,1212223489,1987822225,579745489,2447181961
1,41185,7835,40897,57715,41471,61387225,3354660841,1672564609,3307381609,1696204225,85026841,1719843841,37747609,3331021225
1,41405,22295,34937,54145,46991,497067025,3425461081,1220593969,2437900969,1714374025,990847081,2208154081,3286969,2931681025
1,41446,15134,38594,56626,44114,229037956,3434777956,1489496836,2978229796,1717770916,457312036,1946044996,763876,3206503876
1,41449,23641,34319,53639,47521,558896881,3417368161,1177793761,2336916481,1718019601,1099122721,2258245441,18671041,2877142321
1,41470,28534,34034,51238,47762,814189156,3186780388,1158313156,2063884900,1719760900,1375636900,2281208644,252741412,2625332644
1,41615,20909,39263,55013,43841,437186281,3216655225,1541583169,2836205113,1731808225,627411337,1922033281,246961225,3026430169
1,41905,17255,39643,56695,44051,297735025,3398784601,1571567449,3029861449,1756029025,482196601,1940490601,113273449,3214323025
1,41905,34205,39643,48395,44051,1169982025,2526537601,1571567449,2157614449,1756029025,1354443601,1940490601,985520449,2342076025
1,41990,30742,37810,50806,45790,945070564,2914813636,1429596100,2247685636,1763160100,1278634564,2096724100,611506564,2581249636
1,42025,31775,34849,50225,48143,1009650625,3074198449,1214452801,1970902801,1766100625,1561298449,2317748449,458002801,2522550625
1,42125,23425,37825,54775,46025,548730625,3344085625,1430730625,2656515625,1774515625,892515625,2118300625,204945625,3000300625
1,42250,14950,40742,57850,43706,223502500,3471774436,1659910564,3221470564,1785062500,348654436,1910214436,98350564,3346622500
1,42250,22750,35650,55250,47950,517562500,3566702500,1270922500,2538422500,1785062500,1031702500,2299202500,3422500,3052562500
1,42262,24838,36278,54362,47498,616926244,3425210404,1316093284,2485243684,1786076644,1086909604,2256060004,146942884,2955227044
1,42347,15463,39433,57857,45073,239104369,3585739369,1554961489,3109125529,1793268409,477411289,2031575329,797449,3347432449
1,42500,32900,36620,50300,47660,1082410000,2995315600,1341024400,2064864400,1806250000,1547635600,2271475600,617184400,2530090000
1,42558,27798,38838,53382,45978,772728804,3152431044,1508390244,2546844804,1811183364,1075521924,2113976484,469935684,2849637924
1,43095,23205,36363,56355,48909,538472025,3710797281,1322267769,2640974769,1857179025,1073383281,2392090281,3560769,3175886025
1,43095,31551,38805,52143,46995,995465601,3070243449,1505828025,2367541449,1857179025,1346816601,2208530025,644114601,2718892449
1,43248,15792,40272,59088,46032,249387264,3739947264,1621833984,3242836224,1870389504,497942784,2118945024,831744,3491391744
1,43250,9950,42310,60350,44170,99002500,3722548900,1790136100,3561696100,1870562500,179428900,1950988900,18576100,3642122500
1,43250,26450,40834,55150,45538,699602500,3244669444,1667415556,2838375556,1870562500,902749444,2073709444,496455556,3041522500
1,43290,31302,33714,52614,51102,979815204,3505623300,1136633796,2030842692,1874024100,1717205508,2611414404,242424900,2768232996
1,43350,17850,41010,58650,45570,318622500,3637224900,1681820100,3242420100,1879222500,516024900,2076624900,121220100,3439822500
1,43355,29831,35581,53567,49933,889888561,3483071953,1266007561,2255775025,1879656025,1503537025,2493304489,276240097,2869423489
1,43460,32860,36508,51940,49444,1079779600,3253701136,1332834064,2141826064,1888771600,1635717136,2444709136,523842064,2697763600
1,43810,24362,39338,56966,47866,593507044,3616963012,1547478244,2873287300,1919316100,965344900,2291153956,221669188,3245125156
1,43810,29054,36710,54722,49910,844134916,3566189284,1347624100,2422805284,1919316100,1415826916,2491008100,272442916,2994497284
1,43875,15525,42309,60075,45387,241025625,3743969769,1790051481,3474041481,1925015625,375989769,2059979769,106061481,3609005625
1,43906,37186,39566,49726,47854,1382798596,2834943556,1565468356,2110406596,1927736836,1745067076,2290005316,1020530116,2472675076
1,43940,23660,37076,57460,49868,559795600,3857745424,1374629776,2745557776,1930723600,1115889424,2486817424,3701776,3301651600
1,44149,16121,41111,60319,46991,259886641,3897401641,1690114321,3379361881,1949134201,518906521,2208154081,866761,3638381761
1,44183,25967,37927,56833,49657,674285089,3743670049,1438457329,2716309729,1952137489,1187965249,2465817649,160604929,3229989889
1,44200,32360,39800,53480,48200,1047169600,3229710400,1584040000,2490510400,1953640000,1416769600,2323240000,677569600,2860110400
1,44225,19865,43555,59305,44885,394618225,3575895625,1897038025,3458270425,1955850625,453430825,2014663225,335805625,3517083025
1,44525,29225,36605,55775,51235,854100625,3753400225,1339926025,2468301025,1982475625,1496650225,2625025225,211551025,3110850625
1,44625,34545,38451,52815,50043,1193357025,3302335449,1478479401,2276513001,1991390625,1706268249,2504301849,680445801,2789424225
1,44785,24115,37789,58565,50827,581533225,4007546929,1428008521,2852171521,2005696225,1159220929,2583383929,3845521,3429859225
1,44795,18445,42377,60605,47089,340218025,3883747921,1795810129,3462184129,2006592025,550999921,2217373921,129436129,3672966025
1,44863,22967,41377,59143,48097,527483089,3798527089,1712056129,3197261809,2012688769,828115729,2313321409,226850449,3497894449
1,44948,11108,44092,62588,45788,123387664,3993475984,1944104464,3841039504,2020322704,199605904,2096540944,47169424,3917257744
1,45032,27352,42568,57512,47368,748131904,3523476544,1812034624,3091783744,2027881024,963978304,2243727424,532285504,3307630144
1,45050,16450,41950,61550,47950,270602500,4058102500,1759802500,3518702500,2029502500,540302500,2299202500,902500,3788402500
1,45050,21730,41950,59890,47950,472192900,3856512100,1759802500,3317112100,2029502500,741892900,2299202500,202492900,3586812100
1,45140,29036,37940,56852,51340,843089296,3830325904,1439443600,2633973904,2037619600,1441265296,2635795600,244913296,3232149904
1,45240,31128,37128,55896,52104,968952384,3792532032,1378488384,2456193600,2046657600,1637121600,2714826816,300783168,3124362816
1,45305,10795,44393,63155,46199,116532025,4070358601,1970738449,3906749449,2052543025,198336601,2134347601,34727449,3988554025
1,45305,31655,32759,55705,55063,1002039025,4082437969,1073152081,2123656081,2052543025,1981429969,3031933969,22648081,3103047025
1,45305,33169,40795,54817,49405,1100182561,3393214489,1664232025,2616592489,2052543025,1488493561,2440854025,711871561,3004903489
1,45305,33169,42133,54817,48269,1100182561,3282256825,1775189689,2727550153,2052543025,1377535897,2329896361,822829225,3004903489
1,45435,20553,42015,60879,48615,422425809,4005331641,1765260225,3407173641,2064339225,721504809,2363418225,123346809,3706252641
1,45495,25299,40851,59157,49707,640039401,3900541473,1668804201,3098559825,2069795025,1041030225,2470785849,239048577,3499550649
1,45500,16100,43876,62300,47068,259210000,4026436624,1925103376,3736143376,2070250000,404356624,2215396624,114063376,3881290000
1,45510,29274,40290,57318,50190,856967076,3733229124,1623284100,2837477124,2071160100,1304843076,2519036100,409091076,3285353124
1,45630,24570,38502,59670,51786,603684900,4160201796,1482404004,2960816004,2082096900,1203377796,2681789796,3992004,3560508900
1,45695,33041,35587,55537,53941,1091707681,3905956825,1266434569,2262759913,2088033025,1913306137,2909631481,270109225,3084358369
1,45917,34373,44377,55093,47407,1181503129,3174291409,1969318129,2896185889,2108370889,1320555889,2247423649,1042450369,3035238649
1,45951,16779,42789,62781,48909,281534841,4222049841,1830898521,3660858081,2111494401,562130721,2392090281,938961,3941453961
1,45955,28399,36155,58457,54005,806503201,4221898849,1307184025,2612542849,2111862025,1611181201,2916540025,1825201,3417220849
1,46104,27096,39576,59304,51816,734193216,4076283456,1566259776,2957645376,2125578816,1293512256,2684897856,174874176,3516964416
1,46240,19040,43744,62560,48608,362521600,4138353664,1913537536,3689153536,2138137600,587121664,2362737664,137921536,3913753600
1,46410,33978,41790,56154,50610,1154504484,3560755716,1746404100,2745787716,2153888100,1561988484,2561372100,747020484,3153271716
1,46475,25025,39215,60775,52745,626250625,4315710025,1537816225,3071491225,2159925625,1248360025,2782035025,4141225,3693600625
1,46546,28934,37966,59126,53774,837176356,4220996836,1441417156,2770770916,2166530116,1562289316,2891643076,112063396,3495883876
1,46657,28453,41183,59533,51553,809573209,4025014249,1696039489,3063341929,2176875649,1290409369,2657711809,328737049,3544178089
1,46750,36190,40282,55330,52426,1309716100,3624331876,1622639524,2498485924,2185562500,1872639076,2748485476,746793124,3061408900
1,46852,17108,43628,64012,49868,292683664,4389243664,1903402384,3805828624,2195109904,584391184,2486817424,976144,4097536144
1,47125,16675,45443,64525,48749,278055625,4319175001,2065066249,4007776249,2220765625,433755001,2376465001,122356249,4163475625
1,47125,32425,38675,58225,54275,1051380625,4115160625,1495755625,2665140625,2220765625,1776390625,2945775625,326370625,3390150625
1,47180,26236,42364,61348,51548,688327696,4194821008,1794708496,3332333200,2225952400,1119571600,2657196304,257083792,3763577104
1,47320,25480,39928,61880,53704,649230400,4474071616,1594245184,3184197184,2239182400,1294167616,2884119616,4293184,3829134400
1,47515,34787,42785,57491,51815,1210135369,3732334081,1830556225,2878096081,2257675225,1637254369,2684794225,783016369,3305215081
1,47560,23896,44872,62872,50104,571018816,4201345600,2013496384,3704431168,2261953600,819476032,2510410816,322561600,3952888384
1,47575,10945,46541,66385,48587,119793025,4504284169,2166064681,4309652281,2263380625,217108969,2360696569,22477081,4406968225
1,47685,19635,45111,64515,50127,385533225,4401042129,2035002321,3923328321,2273859225,624390129,2512716129,146676321,4162185225
1,47753,17437,44467,65243,50827,304048969,4559683969,1977314089,3953614129,2280349009,607083889,2583383929,1014049,4256649049
1,48025,28225,41225,61775,53975,796650625,4423050625,1699500625,3209250625,2306400625,1403550625,2913300625,189750625,3816150625
1,48075,12459,46437,66837,49659,155226681,4621995225,2156394969,4312373913,2311205625,310037337,2466016281,416025,4467184569
1,48100,34780,37460,58460,56780,1209648400,4327930000,1403251600,2507213200,2313610000,2120006800,3223968400,299290000,3417571600
1,48165,25935,40641,62985,54663,672624225,4635286569,1651690881,3298933881,2319867225,1340800569,2988043569,4447881,3967110225
1,48399,28041,39669,62439,55779,786297681,4667462361,1573629561,3129795081,2342463201,1555131321,3111296841,17464041,3898628721
1,48421,18401,44879,65959,51721,338596801,4681058281,2014124641,4020121081,2344593241,669065401,2675061841,8128201,4350589681
1,48620,35596,43780,58828,53020,1267075216,3907949584,1916688400,3013517584,2363904400,1714291216,2811120400,819859216,3460733584
1,48654,17766,45306,66474,51786,315630756,4733370756,2052633636,4104214596,2367211716,630208836,2681789796,1052676,4418792676
1,48750,17250,47010,66750,50430,297562500,4622184900,2209940100,4288940100,2376562500,464184900,2543184900,130940100,4455562500
1,48750,33150,39642,60450,56406,1098922500,4459276836,1571488164,2849128164,2376562500,1903996836,3181636836,293848164,3654202500
1,48865,27173,43877,63539,53389,738371929,4499801617,1925191129,3574607425,2387788225,1200969025,2850385321,275774833,4037204521
1,48875,37835,42113,57845,54809,1431487225,3961304881,1773504769,2730783169,2388765625,2046748081,3004026481,816226369,3346044025
1,49010,26390,41354,64090,55622,696432100,4799354884,1710153316,3415701316,2401980100,1388258884,3093806884,4605316,4107528100
1,49010,33722,40222,60554,56446,1137173284,4450957732,1617809284,2882616100,2401980100,1921344100,3186150916,353002468,3666786916
1,49025,34003,35765,60421,59395,1156204009,4775012641,1279135225,2526381841,2403450625,2280519409,3527766025,31888609,3650697241
1,49130,20230,46478,66470,51646,409252900,4671813316,2160204484,4164708484,2413756900,662805316,2667309316,155700484,4418260900
1,49348,26572,45668,64532,52772,706071184,4514037904,2085566224,3814720144,2435225104,1055730064,2784883984,356412304,4164379024
1,49405,39487,43009,57641,55063,1559223169,3913564825,1849774081,2731404937,2440854025,2150303113,3031933969,968143225,3322484881
1,49555,18095,46145,67705,52745,327429025,4910304025,2129361025,4257630025,2455698025,653766025,2782035025,1092025,4583967025
1,49555,23903,46145,65879,52745,571353409,4666379641,2129361025,4013705641,2455698025,897690409,2782035025,245016409,4340042641
1,49651,32431,45311,62279,53641,1051769761,4290808921,2053086721,3466538761,2465221801,1463904841,2877356881,639634681,3878673841
1,49725,36405,44775,60165,54225,1325324025,4087602225,2004800625,3152052225,2472575625,1793099025,2940350625,857549025,3619827225
1,49855,26845,42067,65195,56581,720654025,4966276561,1769632489,3534499489,2485521025,1436542561,3201409561,4765489,4250388025
1,49946,29354,42874,64246,56134,861657316,4783971556,1838179876,3471125476,2494602916,1518080356,3151025956,205234276,4127548516
1,50375,17825,48577,68975,52111,317730625,4935466321,2359724929,4579634929,2537640625,495646321,2715556321,139814929,4757550625
1,50456,18424,46984,68936,53704,339443776,5090483776,2207496256,4413860416,2545807936,677755456,2884119616,1132096,4752172096
1,50505,36519,39333,61383,59619,1333637361,4771542825,1547084889,2764202553,2550755025,2337307497,3554425161,329967225,3767872689
1,50550,28110,45390,65730,55230,790172100,4815483300,2060252100,3825382500,2555302500,1285222500,3050352900,295121700,4320432900
1,50575,20825,47845,68425,53165,433680625,4950667225,2289144025,4413294025,2557830625,702367225,2826517225,164994025,4681980625
1,50661,30771,47889,64701,53289,946854441,4459400001,2293356321,3913038801,2566536921,1220035041,2839717521,673673841,4186219401
1,50700,27300,42780,66300,57540,745290000,5136051600,1830128400,3655328400,2570490000,1485651600,3310851600,4928400,4395690000
1,50830,37214,45770,61502,55430,1384881796,4271292004,2094892900,3293700004,2583688900,1873677796,3072484900,896085796,3782496004
1,50881,29479,43169,65641,57569,869011441,5034054481,1863562561,3583427281,2588876161,1594325041,3314189761,143697841,4308740881
1,50895,35019,41769,62883,58617,1226330361,4799923353,1744649361,3108620025,2590301025,2071982025,3435952689,380678697,3954271689
1,51000,39480,43944,60360,57192,1558670400,4313254464,1931075136,2973404736,2601000000,2228595264,3270924864,888745536,3643329600
1,51272,26248,47288,67592,54968,688957504,4961341504,2236154944,4176015424,2628817984,1081620544,3021481024,296294464,4568678464
1,51357,18753,47823,70167,54663,351675009,5273910009,2287039329,4572905769,2637541449,702177129,2988043569,1172889,4923407889
1,51545,27755,43493,67405,58499,770340025,5308680001,1891641049,3778188049,2656887025,1535586001,3422133001,5094049,4543434025
1,51675,35139,50415,64077,52905,1234749321,4234495329,2541672225,3977228529,2670305625,1363382721,2798939025,1106115921,4105861929
1,51701,39091,45241,61789,57439,1528106281,4444125841,2046748081,3191635201,2672993401,2154351601,3299238721,901860961,3817880521
1,51850,14062,50390,71966,53270,197739844,5328375556,2539152100,5029834756,2688422500,347010244,2837692900,48469444,5179105156
1,51867,30483,44523,66717,58293,929213289,5159046249,1982297529,3743269929,2690185689,1637101449,3398073849,221325129,4451158089
1,51900,11940,50772,72420,53004,142563600,5360470416,2577795984,5128842384,2693610000,258377616,2809424016,26749584,5244656400
1,51935,38023,46765,62839,56635,1445748529,4459018921,2186965225,3438460921,2697244225,1956027529,3207523225,935469529,3948739921
1,52000,18400,50144,71200,53792,338560000,5259019264,2514420736,4879860736,2704000000,528139264,2893579264,148980736,5069440000
1,52020,21420,49212,70380,54684,458816400,5237603856,2421820944,4669084944,2706080400,743075856,2990339856,174556944,4953344400
1,52235,29047,46903,67921,57071,843728209,5141866057,2199891409,4084658425,2728495225,1372332025,3257099041,315124393,4613262241
1,52258,19082,48662,71398,55622,364122724,5460582724,2367990244,4734766084,2730898564,727031044,3093806884,1214404,5097674404
1,52275,20451,48615,71043,55695,418243401,5416365249,2363418225,4677850449,2732675625,787500801,3101933025,48986001,5047107849
1,52390,28210,44206,68510,59458,795804100,5484161764,1954170436,3903078436,2744712100,1586345764,3535253764,5262436,4693620100
1,52520,32456,41320,66808,61720,1053391936,5514316864,1707342400,3412300864,2758350400,2104399936,3809358400,2383936,4463308864
1,52585,31135,42377,67535,61111,969388225,5530348321,1795810129,3591604129,2765182225,1938760321,3734554321,16129,4560976225
1,52780,36316,43316,65212,60788,1318851856,5162057488,1876275856,3343152400,2785728400,2228304400,3695180944,409399312,4252604944
1,52910,38258,41206,64306,62458,1463674564,5236795300,1697934436,3033727972,2799468100,2565208228,3901001764,362140900,4135261636
1,52925,38807,46355,64001,58765,1505983249,4748397601,2148786025,3443858401,2801055625,2158252849,3453325225,853713649,4096128001
1,53040,38832,47760,64176,57840,1507924224,4650782976,2281017600,3586334976,2813241600,2040148224,3345465600,975700224,4118558976
1,53070,23838,52266,71166,53862,568250244,5149289700,2731734756,4979909412,2816424900,652940388,2901115044,483560100,5064599556
1,53095,34153,47005,66871,58555,1166427409,5081339641,2209470025,3862121641,2819079025,1776036409,3428688025,556818409,4471730641
1,53125,41125,45775,62875,59575,1691265625,4680180625,2095350625,3226350625,2822265625,2418180625,3549180625,964350625,3953265625
1,53159,19411,49501,72629,56581,376786921,5650501921,2450349001,4899441361,2825879281,752317201,3201409561,1256641,5274971641
1,53235,28665,44919,69615,60417,821682225,5662496889,2017716561,4029999561,2833965225,1637930889,3650213889,5433561,4846248225
1,53380,20620,49436,72620,57052,425184400,5679170704,2443918096,4868158096,2849424400,830690704,3254930704,19678096,5273664400
1,53430,35070,43926,66930,61482,1229904900,5404896324,1929493476,3554353476,2854764900,2155176324,3780036324,304633476,4479624900
1,53465,22015,50579,72335,56203,484660225,5532623209,2558235241,4932081241,2858506225,784931209,3158777209,184389241,5232352225
1,53505,26883,50481,70731,56367,722695689,5317328025,2548331361,4688420697,2862785025,1037149353,3177238689,408242025,5002874361
1,53625,18975,51711,73425,55473,360050625,5592843729,2674027521,5189617521,2875640625,561663729,3077253729,158437521,5391230625
1,53650,25130,51098,71590,56086,631516900,5392444996,2611005604,4857811204,2878322500,898833796,3145639396,364200004,5125128100
1,53650,42194,44030,63058,61790,1780333636,4915992964,1938640900,3036629764,2878322500,2720015236,3818004100,840652036,3976311364
1,53788,31612,46172,69188,60452,999318544,5548274704,2131853584,4025683984,2893148944,1760613904,3654444304,238023184,4786979344
1,53890,38810,49102,65590,58286,1506216100,4795173796,2411006404,3808922404,2904132100,1999341796,3397257796,1013090404,4302048100
1,53920,29984,48416,70112,58912,899040256,5478949888,2344109056,4352435200,2907366400,1462297600,3470623744,335782912,4915692544
1,54060,19740,50340,73860,57540,389667600,5843667600,2534115600,5066931600,2922483600,778035600,3310851600,1299600,5455299600
1,54060,26076,50340,71868,57540,679957776,5553377424,2534115600,4776641424,2922483600,1068325776,3310851600,291589776,5165009424
1,54080,29120,45632,70720,61376,847974400,5843685376,2082279424,4158951424,2924646400,1690341376,3767013376,5607424,5001318400
1,54145,39641,48755,65513,59045,1571408881,4846584169,2377050025,3737322169,2931681025,2126039881,3486312025,1016777881,4291953169
1,54325,41075,45635,64925,61805,1687155625,5083908025,2082553225,3346603225,2951205625,2555808025,3819858025,818503225,4215255625
1,54500,36020,41084,68140,65212,1297440400,5925414544,1687895056,3360704656,2970250000,2579795344,4252604944,15085456,4643059600
1,54665,37613,44863,67541,62959,1414737769,5537360137,2012688769,3586213225,2988262225,2390311225,3963835681,439164313,4561786681
1,54735,39333,43419,66669,64083,1547084889,5555466225,1885209561,3334044897,2995920225,2657795553,4106630889,436374225,4444755561
1,54910,22610,51946,74290,57722,511212100,5835725284,2698386916,5202282916,3015108100,827933284,3331829284,194490916,5519004100
1,54925,29575,46345,71825,62335,874680625,6027727225,2147859025,4289934025,3016755625,1743577225,3885652225,5784025,5158830625
1,54961,20069,51179,75091,58499,402764761,6040079761,2619290041,5237236801,3020711521,804186241,3422133001,1343281,5638658281
1,55250,19550,53278,75650,57154,382202500,5936939716,2838545284,5508905284,3052562500,596219716,3266579716,168185284,5722922500
1,55250,40450,49750,66850,60250,1636202500,5046422500,2475062500,3891422500,3052562500,2213702500,3630062500,1058702500,4468922500
1,55250,42770,47606,65390,61958,1829272900,5062083364,2266331236,3489620836,3052562500,2615504164,3838793764,1043041636,4275852100
1,55315,39997,43079,67229,65297,1599760009,5723687425,1855800241,3315789457,3059749225,2803708993,4263698209,395811025,4519738441
1,55605,30921,49929,72303,60753,956108241,5826734793,2492905041,4628712825,3091916025,1555119225,3690927009,357097257,5227723809
1,55709,32741,47821,71659,62611,1071973081,5951656921,2286848041,4318367641,3103492681,1888617721,3920137321,255328441,5135012281
1,55770,30030,47058,72930,63294,901800900,6214622436,2214455364,4422947364,3110292900,1797638436,4006130436,5963364,5318784900
1,55862,20398,52018,76322,59458,416078404,6239738404,2705872324,5410356964,3120563044,830769124,3535253764,1387684,5825047684
1,56185,13885,55115,78235,57235,192793225,6239806225,3037663225,6001624225,3156754225,311884225,3275845225,73702225,6120715225
1,56225,12935,55003,78455,57421,167314225,6291107641,3025330009,6019266409,3161250625,303234841,3297171241,31393609,6155187025
1,56290,34190,53210,71890,59210,1168956100,5505432100,2831304100,4830912100,3168564100,1506216100,3505824100,831696100,5168172100
1,56355,23205,52971,76245,59547,538472025,6183259209,2805926841,5443340841,3175886025,908431209,3545845209,168512841,5813300025
1,56355,23205,53313,76245,59241,538472025,6146910081,2842275969,5479689969,3175886025,872082081,3509496081,204861969,5813300025
1,56355,41259,50745,68187,61455,1702305081,5250297969,2575055025,4048635969,3175886025,2303136081,3776717025,1101474081,4649466969
1,56425,36295,47425,71065,64175,1317327025,5984884225,2249130625,4115584225,3183780625,2251977025,4118430625,382677025,5050234225
1,56550,38910,46410,69870,65130,1513988100,5925831300,2153888100,3837802500,3197902500,2558002500,4241916900,469973700,4881816900
1,56615,30485,47771,74035,64253,929335225,6404371009,2282068441,4557991441,3205258225,1852525009,4128448009,6145441,5481181225
1,56744,37064,51784,71176,61304,1373740096,5604321856,2681582656,4527724096,3219881536,1912038976,3758180416,835441216,5066022976
1,56763,20727,52857,77553,60417,429608529,6442643529,2793862449,5586292089,3222038169,857784249,3650213889,1432809,6014467809
1,56869,24221,52319,76691,61081,586656841,6378314881,2737277761,5384704081,3234083161,1083462241,3730888561,89851441,5881509481
1,56875,20125,54845,77875,58835,405015625,6291307225,3007974025,5837724025,3234765625,631807225,3461557225,178224025,6064515625
1,56875,38675,46249,70525,65807,1495755625,6069571249,2138970001,3877980001,3234765625,2591551249,4330561249,399960001,4973775625
1,57290,31858,51442,74494,62594,1014932164,6185220772,2646279364,4913491300,3282144100,1650796900,3918008836,379067428,5549356036
1,57375,44415,49437,67905,64341,1972692225,5458962681,2444016969,3763215369,3291890625,2820565881,4139764281,1124818569,4611089025
1,57460,30940,48484,75140,65212,957283600,6596972944,2350698256,4695066256,3301651600,1908236944,4252604944,6330256,5646019600
1,57460,42068,51740,69524,62660,1769716624,5458210576,2677027600,4208962576,3301651600,2394340624,3926275600,1145092624,4833586576
1,57630,33870,49470,74130,64770,1147176900,6369192900,2447280900,4621320900,3321216900,2021112900,4195152900,273240900,5495256900
1,57664,21056,53696,78784,61376,443355136,6648795136,2883260416,5765042176,3325136896,885231616,3767013376,1478656,6206918656
1,57681,29529,53199,76041,61839,871961841,6279197841,2830133601,5285269521,3327097761,1368926001,3824061921,374997681,5782233681
1,57720,41736,44952,70152,68136,1741893696,6232219200,2020682304,3610387008,3331598400,3052809792,4642514496,430977600,4921303104
1,57800,23800,54680,78200,60760,566440000,6466177600,2989902400,5764302400,3340840000,917377600,3691777600,215502400,6115240000
1,58305,31395,49197,76245,66171,985646025,6792428241,2420344809,4834171809,3399473025,1964774241,4378601241,6517809,5813300025
1,58370,23030,56602,79270,60086,530380900,6487003396,3203786404,6080462404,3407056900,733651396,3610327396,327110404,6283732900
1,58435,40207,47957,72199,67301,1616602849,6327470977,2299873849,4097920225,3414649225,2731378225,4529424601,501827473,5212695601
1,58500,20700,56412,80100,60516,428490000,6655946256,3182313744,6176073744,3422250000,668426256,3662186256,188553744,6416010000
1,58565,21385,54535,80015,62335,457318225,6858193225,2974066225,5946607225,3429859225,913111225,3885652225,1525225,6402400225
1,58565,28249,54535,77857,62335,798006001,6517505449,2974066225,5605919449,3429859225,1253799001,3885652225,342213001,6061712449
1,58565,42877,52735,70861,63865,1838437129,5670160321,2780980225,4372402321,3429859225,2487316129,4078738225,1189558129,5021281321
1,58975,32795,52955,76685,64435,1075512025,6554407825,2804232025,5206770625,3478050625,1749330625,4151869225,401693425,5880589225
1,59085,36513,46485,75159,69435,1333199169,6979057281,2160855225,4318693281,3491037225,2663381169,4821219225,3017169,5648875281
1,59150,31850,49910,77350,67130,1014422500,6990736900,2491008100,4975308100,3498722500,2022136900,4506436900,6708100,5983022500
1,59245,24395,56047,80155,62279,595116025,6793527841,3141266209,6056120209,3509970025,963819841,3878673841,226412209,6424824025
1,59450,23258,56090,80794,62630,540934564,6915884836,3146088100,6139456036,3534302500,929148964,3922516900,152720164,6527670436
1,59450,29870,56090,78590,62630,892216900,6564602500,3146088100,5788173700,3534302500,1280431300,3922516900,504002500,6176388100
1,59466,21714,55374,81246,63294,471497796,7070837796,3066279876,6130987236,3536205156,941423076,4006130436,1572516,6600912516
1,59500,46060,51268,70420,66724,2121523600,5870818576,2628407824,4047134224,3540250000,3033365776,4452092176,1209681424,4958976400
1,59551,34999,51119,76601,66929,1224930001,6800882641,2613152161,4934543761,3546321601,2158099441,4479491041,291760561,5867713201
1,59670,43686,53730,72198,65070,1908466596,5886147204,2886912900,4538955204,3560508900,2582062596,4234104900,1234870596,5212551204
1,59995,32305,50623,78455,68089,1043613025,7191898921,2562688129,5118475129,3599400025,2080324921,4636111921,6901129,6155187025
